Bridges, Bridges, 100.00
Crowns, Crowns, 100.00
Dental Hygiene, Dental Hygiene, 100.00
Dental Implants, Dental Implants, 100.00
Dentures, Dentures, 100.00
Emergency Dentistry, Emergency Dentistry, 100.00
Endodontics, Endodontics, 100.00
Fillings, Fillings, 100.00
Oral Surgery, Oral Surgery, 100.00
Periodontics, Periodontics, 100.00
Prosthodontics, Prosthodontics, 100.00
Root Canal, Root Canal, 100.00
Routine Exam, Routine Exam, 100.00
Teeth Whitening, Teeth Whitening, 100.00
Tooth Extraction, Tooth Extraction, 100.00
Veneers, Veneers, 100.00